prediction,loss
12.916893593131794,0.905531097390588
-10.68347635893968,4.822514908797533
35.16818311529335,7.939838355028937
45.962355181390315,17.746851538698323
-2.9025593356252513,5.1417230272657095
3.0622083372720725,42.36658076322824
-51.60849929742903,66.12493444562696
-16.341212164144334,19.20236793294191
-0.4691450325242339,2.18444548664679
-9.813041599907985,19.977853952054833
16.034428517129417,73.81025381031023
-0.7197670232779909,1.4180668072419031
9.837924704267612,2.7474489704204242e-05
1.9835251854623597,9.904291253192083
-5.702596970702355,51.30895849666349
-9.279379239781173,135.50327370668884
-27.255763028820862,58.57015042447181
-53.53635173129248,140.1101600095231
-39.82690211911392,19.454547384212592
7.899223836414653,43.14355109184581
24.904336958906473,26.058246346484847
32.89964525837622,5.769983976523151
-4.6366901623929335,16.025996176556966
24.77689307809857,18.887455887565213
-12.19846100512452,36.93760079718982
19.21559191199788,8.741703336826422
-3.6168024341218894,10.936013756829068
-81.85357808217611,1.6169215445923408
-19.01908328721515,131.35717090760608
13.620374914802488,167.72475719295795
-13.466164933207276,51.19115706990473
-24.64644367107314,0.0640012536320059
5.5838971794487735,205.79998282798772
-4.8382709014375775,1.1826021913253082
-5.336335863499936,8.36122140365488
3.1152064617568316,17.36051108259804
-1.637095070103437,26.74440990192655
-11.766525731371013,3.4117180392947715
-22.229965425664883,1.7394486967273164
-3.5821181463974154,93.66375454156773
13.037905084273467,23.974034807653418
6.2307396435798,79.57441328932977
14.546205076695179,9.630688438046802
-13.18218943394731,81.99199707925628
8.312822956593953,0.7321715483677915
15.507862421969213,7.9905190138076945
-3.4138816559880167,16.6012691864059
-7.528573931850583,2.521424453444261
-8.198437484252844,7.852776953858059
-2.796478647113015,16.647096879229007
33.936516542970715,0.7523596049389315
9.574055836712132,20.53130399765568
6.679996002760395,175.87736362863842
-3.853228950462035,4.199677638604626
-2.515834580356109,16.942794488118075
-12.946960712119898,19.707796881158917
19.081726864896897,25.503433237671118
-21.171630554659483,0.10719268427152262
6.426881463336625,80.53496542602538
15.524638623594404,29.971294272051527
-29.288578103993185,4.733087405906808
-18.19472695297858,50.63909457977678
16.860909075047406,6.10607253269591
-12.409464214912697,0.0002496577269034177
-2.4676589810351315,24.741178707711565
-16.263243441162125,21.492065924337794
18.78111408749476,0.4335051481992099
-2.7811312377268633,40.77663271818535
-51.27538212572721,18.153483510790636
7.459005433930689,3.6172636115025862
-2.235750295998737,29.555619878585098
-31.374467370199678,67.31255154643603
29.923088487682666,100.82374344764305
11.342731393138939,0.33908495864824906
8.533734999265292,1.0246467833610384
9.856996621391465,30.74946092808301
-15.56978533000858,0.014628904860568438
-16.189339040714966,14.615712478133695
-2.727918505972691,5.912288888542022
30.395058886040946,0.0793546108061324
-12.409391978757919,6.493193365896678
-6.3712032136443595,2.267110926445587
-29.962534924356188,27.40087305155346
12.844694674123508,11.140007734905561
-4.750216735293743,69.50304494740543
33.73933591992216,0.40115342945006627
-1.2100419346058355,3.115074501959698
55.23219393530179,14.203048953135506
-16.500642442539625,0.9354351493684754
5.6310070256452365,22.21995831320195
29.87041037972381,0.017913571997573027
49.242094618240465,62.422200716101706
-6.5181722656616286,64.47153826647889
-13.318417449891053,10.328593772546753
13.674524768249915,5.375047381964549
-5.368359591812644,0.06532702044902941
30.37631808558513,42.26304244738368
-10.048684118008163,2.186742429490386
15.318254148402906,1.775244439184204
11.514795923417756,0.5141580602183596
-7.755093070733319,1.3684133083227599
-27.921411084567122,41.71311484181131
16.832856593804,0.0031470528579256155
2.3168843367866474,11.275832220563627
9.409199590989376,57.7125595838867
-29.140394433222237,3.9920761161995157
-18.046463268623167,6.026999352543585
-24.452900625624576,9.435648551234268
25.066730279352843,80.66705849732332
-13.712509899415886,119.88722088278838
3.6743298721411337,25.17022161628395
0.7373583384617792,0.15282290474221463
-33.47705920268833,74.40712283403087
-1.2599079660718597,77.10173448926817
-5.105677300476468,35.8100314900479
-25.47621275118399,73.52008227409625
-32.798471489397535,121.64398871443224
13.419351739801646,6.5746876412182855
-25.563616852170448,0.897700276527624
-23.486562921942774,69.2170434663523
44.61368938304094,13.040061946692537
-31.538305818716022,0.001557255298790638
-69.00360292354844,0.2427665160206512
22.705695727546757,1.7190734723665742
-17.730680266556302,1.1452154621382193
20.15844507389841,0.7757336694008419
-21.836163925275965,39.90427045147279
-0.8384705701181996,13.412709023298982
0.6273986218323035,31.33217057757268
-13.096349316044689,0.4449995993102321
12.218157185045476,29.72915615701988
11.303242379903969,19.500869587034224
2.616047245970326,0.41892442923841894
-25.392292191009684,0.30773864565601633
-26.76012935206725,6.276432840697024
9.13615690148527,15.099112793619819
-27.7360037381203,43.518206546126244
-18.699461932103876,0.004650300082149569
-15.093220839720852,210.9796162355911
22.10692793110991,35.22518314519186
22.419644153417497,92.22939447151771
-19.129389310515872,18.64953257388309
-26.655137564821413,29.7204102527229
19.750919209145994,29.959707770643547
-32.22988994936929,50.70655366450546
2.447827721392973,2.46589849126642
-15.827117790241088,21.607100032547397
-37.6626035941727,4.716018500291966
-20.163866377907542,1.498955938056448
26.683479099641094,118.48291612333179
13.393298880865677,6.244978026978354
-18.25484857595381,29.756588771049877
12.997497352294777,17.75489791018535
42.38241330317067,38.589732346478
26.221891294034837,0.9741059501967649
29.864742356705055,1.8793580228622029
-21.989923801897074,0.42565454636349453
5.653913863062262,23.970501008507988
-4.9340485080811005,16.727272520333457
-5.594337612484533,1.1834645469943126
-12.398080499640622,3.3255046553922196
-4.390471815075212,7.414008856843503
-1.0277130968613004,6.239816138643117
44.64214158743642,54.30286311826139
-29.194894544550035,42.22249990192092
82.05053851053788,129.48922495857312
-31.36561771839217,20.752282206476632
-18.73118589374189,13.86517361269128
12.212333440050548,3.055215571554695
12.51101795915386,0.7612067609596391
12.272256154807456,5.236094427791452
-7.465799022065876,55.23391758058605
-35.47553312095044,17.2273810961244
14.669417731062003,3.1094345482836996
9.431642167090905,70.0974454352646
-33.95102955702179,64.16631344290946
19.01185828278938,16.706920422843034
26.788883016445087,1.1001968401556832
48.51105259205884,0.013089141615267239
13.298667937858914,8.669299585134453
0.3227914298443342,202.11086722304609
-20.705230186866967,4.973210790349479
-37.891111683360684,4.5721331555908975
-17.659722003217606,32.079988316140934
10.791498615487859,5.477935137791226
18.87134994864039,14.980582622909674
-7.534353042802077,98.90619682027648
42.401179210275025,0.5971327022799038
-19.798886247972515,0.4084058038471966
12.977961225886423,10.685911440942979
-36.91495864959597,4.33884720062179
16.141628022168906,103.77441105440911
-36.19109536371578,0.45882619481070536
10.469568004043998,13.333708250651314
5.477123600959094,2.385977250678499
-20.400403941083763,22.744508685666638
24.818182933420733,45.14096441216281
43.70606347172555,93.88229065009585
25.066900413725424,8.227720162380184
-26.660822057991705,1.3727113422431167
-5.535041152922186,23.834181853163415
19.50879228517204,6.286816419107994
29.265186688480302,0.05200629813671054
52.541109735884,26.664350702576314
17.227939458301027,22.775755170810704
-12.627238326799421,0.21571385398469062
-6.365256509535352,6.3007793814433875
-51.37175361298511,7.018798379019654
-2.9708307934577034,25.38475344506676
21.487180357658307,18.760595125139638
-29.729125620055125,68.19529729338818
-12.644770315832313,5.122044128838886
-74.12574141514631,5.386154984190974
-34.287561601145505,71.80011930694235
-33.69518656870104,0.166475622608663
17.201534084295307,21.623106344809397
17.329699501481787,0.348020688830059
5.756904914418219,9.813675241074197
-20.262469438584784,21.240732739785273
-12.133430244197791,12.996162627165939
22.746779905909538,0.004322040346114278
-3.252703493918207,0.04576805522553878
-8.706930376705708,1.5185500340675804
-18.99731865976639,0.004366735748786202
-12.237068806142242,0.37599820264139666
-0.6303398946627066,0.35150001961559674
23.102662658829676,33.58870203844484
-26.492361447789673,29.168808758054347
33.34206399519076,0.821470336384758
-22.822259618470124,34.18749181152522
-36.9956141525273,1.1546166284232369
35.84058980241452,29.361719269380117
-12.68218457822399,0.43343742400600704
-23.970131706199634,37.337345320264404
33.09353241773693,26.504334648843248
19.220941335033448,26.259429104465017
10.486605124659155,11.813450947240371
1.6445377250280775,7.40853196628466
13.071880958923172,151.26864374356265
27.449543613252676,5.2731149127699775
-6.192566134792567,68.98118211860402
-2.771239765766576,3.782036120942609
-9.430267287463431,5.997745979060421
-18.495163463698926,16.220980376549427
-20.033943007201767,22.80440252373965
-36.875632682294615,66.19708661605485
40.93224614885708,10.146630173550093
-6.6663509151363725,24.59376574701681
24.58657094747821,0.3518625993007659
-7.609923375225104,10.538785910339701
6.18909091559937,0.9939010131615587
9.260773184734978,4.535685279315467
-13.14203582712525,6.121995380602441
-15.914456097862962,15.854663941817131
-2.33377696128269,0.35448975904344654
-35.78864903794874,5.8539434613426575
-26.97900039993206,0.025810817418259555
-8.538176310497755,41.48866811167689
-0.13805890637569962,32.65886331731626
19.287120129613758,80.65760200148333
-26.88543950904909,3.236461076597887
-0.9769786987662836,16.358370106718777
-55.605850843517366,27.796819060073037
-17.048001886507787,16.273932247023893
-8.517383645762033,13.442518372824019
33.22151515865722,51.29012475251993
-33.56665140903112,0.4010550305873411
18.166425441423602,0.24399462367655272
-9.182424425833796,0.9917971387594159
3.6621233715738457,20.5138178972897
22.715542752297257,38.62342490487186
-28.65686344233517,6.577567468421006
15.136250679768187,0.15962445969578876
0.7949257497411157,1.6496565211074017
32.61376905025058,2.528182262322729
-12.536973064494292,12.54826785354127
14.724895921939412,21.45379150970615
42.20032176404823,2.205901882572058
29.407775271042173,12.46800561740411
26.61562690771203,15.205428670769082
-23.991670606094655,9.370180331990062
-14.094573925013885,38.987632983711315
-6.424683239424321,87.43592021921691
11.139635386295145,2.5534733927971693
-29.818366386782937,8.195820337081082
20.706901293066156,61.51521140394402
-5.893271265959437,87.1423532205588
0.646310404708861,1.0580531200279422
-16.123973574967234,4.098817109870088
33.60331562621412,0.9092008665917147
-31.843692256038704,1.1280598911847555
-7.313457400263018,59.46366442591425
6.5190017442817,0.11150564865506804
30.29669264110015,11.280662112170026
-25.60190012683591,13.481151508012491
16.837890919319992,36.44568289016155
-19.175368053235214,2.112174054030863
32.96412157817043,26.486313899916365
-27.503693203749602,34.769849262511954
25.376048641177253,0.03160526779031425
11.399809274467776,84.94648522537967
-26.23374198368857,6.365613197148326
-56.49497116571285,1.870313905838402
-3.843571157616334,7.697746312162631
-9.691585872516947,10.002232284999874
25.02103022322729,53.06359064474317
23.70631151733028,3.9953012576201803
30.57769695643106,43.150228409900826
-0.003059798572446537,9.788692307279725
15.479561867074155,17.851458270070502
11.483820712260643,12.061835611452262
12.662016029810848,9.329884517302421
9.17328568713936,6.846210195471476
0.2618591679196858,20.316314122501232
24.46707156996229,3.357576806248237
-1.4490140222603667,4.295638222383247
17.91693652346567,25.41980657915834
-26.546838793190314,30.10009355517388
3.5778078377856533,4.980635440504271
16.480024906225143,8.222053406795775
17.191366688973975,19.21301647932038
-23.870564771594328,3.3015029157582534
19.427832910574356,19.345743768000588
30.050363635525347,107.27084598612787
-6.447270070931604,67.93560444770003
-25.96002261494004,0.00727666590995947
-11.243249644467705,5.543459946597398
4.662148584059996,18.242255601997734
9.079905416206435,14.138970555946104
39.69666994564148,24.421480554764628
16.53153929401302,4.07006298741089
-7.4547315432692995,39.92548199712831
8.409956513296384,9.608042086814585
30.015215784442834,6.756830535460457
3.1765084615575505,38.107185591823644
38.812813100522824,46.958902032866774
42.20835272509135,12.549282672059924
-4.521706289094904,37.147146920627804
-33.544824340468374,24.48228261133036
-7.9110263556131555,57.11992572313818
41.00404083127558,1.1821432379538943
-21.252056447533842,36.271400840258686
15.238927150288538,34.78676514326926
-15.028199979387148,4.093771437727386
8.03787849047149,9.012654016128094
44.38761304644971,1.6743337086997416
13.998347445658686,17.772052307446522
-21.118757975582863,0.9115701277704839
-5.462719584568158,0.008245666763804697
10.069762706198508,57.72872007835931
-17.042530379634282,2.218202525555774
36.86389789461271,197.05334633699616
36.928590331835274,7.494563682598082
40.34532164033124,1.47345449127038
-44.71713138715909,2.8719831314650373
-5.009881824041083,1.2817456093333015
20.668886532360208,1.623404195593781
-40.54347665927764,0.001399139670170997
2.7397985233914186,29.831573823471775
33.6578182192435,0.09786648967271906
-21.30899356688246,87.79400397582462
-20.093643074351146,59.11936367627667
16.055997342462664,19.729994976289802
-2.2432922700318967,3.3579145551533798
-0.046319868979817214,0.11063250008469423
-27.539251062347486,68.80587898808646
-4.736539791801756,8.803429466745078
-27.37140232983108,24.834092003032886
-32.52438598046188,21.664966463206618
-46.428510170441875,13.981274790392792
-32.56618771875059,0.8172964769290652
29.185821240971283,2.414660871791454
41.179558754151124,38.87308411065944
9.151912851503601,78.47740305782713
-44.11981192075711,49.51341593068384
7.625515110999307,0.9811064048236771
1.4400427522338692,1.0052776750255155
8.956013116171226,78.53820363762769
-17.629370655275533,17.16801362965478
-18.233157522436723,27.773177193502207
-48.673952955223164,0.34639278463744094
31.071786746221736,45.33331448071224
-22.820944306281714,0.7658792746483735
52.443996080511404,0.44198643312440683
-27.10369547845833,5.898027139107889
0.02696946574764536,3.186690376675427
-23.213733867634,137.18369505411795
-46.07967930429208,92.46951054113882
27.263242113230366,4.545135875628594
-37.25880121976467,19.312595686932376
-1.1028875361689596,2.635180009756392
-9.636520774829643,16.484664153269616
-23.41973649201128,2.7580378873590825
3.41121213208982,15.671440553283196
13.05012062799853,3.0986888516996696
-36.230365794441916,10.074237828713587
-21.108748843570606,19.943602535652907
-22.86465073087663,4.842548372397259
13.39280398947506,40.32527108265063
4.361772729154187,34.447949565480826
-14.705855628305466,8.410191100718414
-48.943943034396504,5.495551088308014
-10.577973274748325,9.02202183188162
43.57005743202388,35.609417054805164
-25.205740995821404,0.5921569783756686
0.3262901424936946,7.134404118342027
-11.406035159452353,108.48659568312266
5.47400535699595,18.723403528754947
13.150041667947113,1.9996284642320834
-0.9433964304977234,2.5479338096936623
33.12520370725509,0.002032963537535722
-31.137981404538206,0.42884414214250977
-60.08756969906846,10.795463971185866
-8.429755436585191,0.05423487375875862
14.64255405827925,6.8417120606907424
-37.412054223195234,7.246056926640384
35.356998002916846,113.13654549457536
13.447223460149024,95.68968590545516
-33.1384615820699,3.833656750992423
26.785714411786675,37.29628497091885
28.563670186084213,95.90113995106546
40.90906310717413,5.459340617516325
-1.0012848023664513,2.9319179272640246
-19.200405902795463,0.29992403914566357
11.37968886307022,51.966266817195155
-36.027884045720036,5.738073235783023
-20.79852711039251,1.5687171508226738
10.947526417443788,0.009006722854117086
-9.388994126326958,3.21891109706252
22.67730956824676,7.490686386250424
15.260528100419583,32.982309816855
40.90796781044646,0.6905816546571387
28.385366042509876,12.397469428200909
-30.309010632235864,0.0013543846518555259
7.508280515234564,0.9181678387024601
12.197284657881857,69.34816172241939
84.05781701527678,10.691818124318791
-55.89707268702352,2.477010349245643
12.282233170053138,14.556121506351358
0.0020008274617329125,0.09616403234184596
49.96943712120413,8.89112905607749
14.117291082754468,13.72282489818482
-7.349702123645666,1.4603247326114575
11.81311877499349,0.001172178367377669
-4.231815578037067,22.80046167598233
6.0158798925400605,3.2618139737139824
-29.923949552486757,27.911407988881294
-12.206789559175613,0.20491037505050735
16.13313584629117,0.13625858706020313
-22.94041807399594,8.227549795824324
35.07805298230097,0.0026266501418587035
-41.46716396761939,85.34371745587737
4.716286144895212,3.6121937029819673
-4.067034273552447,93.11483626547007
-4.3531053296431095,0.9484151465185248
-41.76531884715825,4.695262437333808
-4.041881284955475,75.66137127697554
-7.703843030182379,4.735702900190046
-15.110865577076192,51.311562747158646
28.234443657276817,22.979556821064858
4.487492263176425,17.91571790412414
-23.412783396694973,139.69718811243794
-19.452444942178882,79.12848471272115
28.420992573657262,0.490642512478306
-5.6375110473602446,0.2275571101641011
-1.4612942232669137,34.159814049376074
24.600252533160646,23.63102058009443
-28.02191492875181,0.18708956529252832
-12.184271226698337,78.91323167848681
20.972318603915827,0.08918005674882933
1.4532579844241174,17.205756833563477
-26.57784221729332,2.4293930533953882
-37.23974118862008,1.5747005207850366
21.29662978832059,0.0021658780272531594
8.336273117165097,23.006351403492445
-37.85095278789856,1.6064698928543344
-17.428368112046538,4.249826820215852
6.454156652662822,23.15021343585372
40.006144293200244,72.94645739462837
-15.141213413461395,146.42767710638086
23.115784043598413,122.94842542996896
-9.62347507052254,2.4151337019178594
9.557667681165418,46.57133978123932
-37.3530128486077,17.303013666651044
11.206230256917882,0.39005576586549207
24.200947987389558,5.301037021810468
-28.44749213499892,28.171513320218033
-32.0323305200369,88.72933453277922
-22.940944387993593,16.66479534002418
-48.46648042282333,49.3035328024106
21.120692338017765,1.0478834660861784
22.254044122861448,2.2102713163745054
0.8854845386126293,10.985768018176259
-15.617298346875506,2.5860850643187465
14.388997398578573,21.582372109409597
17.523283746649216,0.40772262330295583
-10.163811585796745,116.45834177589087
55.45927289781594,15.631897581235869
12.695059227708844,23.47130597563917
5.24104333398805,16.815334303838224
-4.970750118214805,11.045649280591192
13.574284363997682,0.09346812106631909
3.426579221369427,0.2666477705674842
43.681987129625334,10.594720312737758
7.809687700688191,1.850452303159061
37.12351102915694,4.65983910078903
-8.421432443074076,3.1960381188879468
-17.32172028108243,7.312720722193069
6.971927769021424,37.71070534246711
1.853814574406447,9.59598017271497
31.150490834245947,7.456255100064321
-10.685813181607154,17.925894062337562
-26.66862930492965,12.721481429563312
6.539331635904209,0.3279992150773795
-31.460995265221182,16.410777197500828
70.49267224250241,4.842531935209553
29.330763633054975,25.78442289684566
4.891534340233538,10.124279511129895
12.959217187501627,9.745863002078147
-38.70158950886013,8.357925256425341
-6.398852058282951,1.2076610253783577
14.370911014896143,0.5751226806165788
-10.90391616477063,9.069883049269347
-29.74707436736878,138.84149351944737
-4.715525586015754,59.19914742003375
-2.0590301029472995,6.289047340665718
-15.769074482109426,24.55712078705266
-3.6242905848503097,8.531937750650482e-05
23.230761010347013,9.429308103144296
-9.539120932413306,6.8456575713150745
29.945964030278223,11.30951626098861
-34.371370432623614,11.536018887670457
2.7860940430592267,7.65150180803099
-25.729260490406087,11.933927144891689
4.782360368091564,0.18619773603153908
4.599242783372124,21.143824219578594
22.714755509513797,39.03031380832691
11.30043133958623,9.9220604335801
-18.78131220183911,209.37819233413904
24.816520296997627,4.413922607294117
37.78463933584192,58.07758507252769
-55.29935903251725,1.6525516565088538
17.335190835344424,30.04221381009194
-8.478156655205277,34.171208202246106
-23.268970817066073,3.154276494533242
-16.945309321257465,0.10190773111423859
-22.31202139189241,21.513035542893874
22.030395584592387,79.32922485046106
15.56927646404086,147.50731276143196
-36.61491997660482,0.15967806070892712
-37.54704712915633,38.96611905601725
44.95274230903454,24.99827953403644
-21.032818090968643,2.285232214447664
-10.827024863544745,60.18481176976645
23.897554759737663,0.5404057445629913
-5.544346946583455,44.953719174704275
-0.11547524187869374,2.2695656890190046
9.44103712283607,4.009315745750141
-53.70807447760341,0.9965672946603381
30.096578892159076,33.29054407176766
43.70256639781736,10.709268072814073
30.993488212695187,0.32336152750668246
-38.08117212104241,14.056941723481323
-13.502364875328903,8.99456860315331
-8.293491765644939,49.31248274259258
18.954585200416307,6.279130306131663
24.99797535541234,14.075789986244486
25.125261668754437,1.692221260252033
3.7797191240054397,0.6644120692519085
-36.98434621464968,10.857549035256081
8.745796283659848,21.94135753017546
-27.114040969789695,12.904290329241825
21.589923106131895,3.621651728244238
-44.12187893672807,1.2164982016024743
-28.69394917009674,15.944196565637972
-19.660252872412624,21.886160676763208
17.915933857957473,74.17935403050981
-52.41619157838101,77.01503541038869
37.79706239966743,71.74300821317063
27.323578647689832,1.461092822215943
30.72174354988545,0.4651409255008817
-5.438222801730656,0.1912137676006974
42.22425666534129,12.501620556058674
5.97074930005147,60.7296784785046
1.895701789365437,7.647453722442016
7.27172149978458,8.257773965952737
-27.044825984607197,24.121525954144712
11.440016483528103,0.6410052399829651
-4.016633193692765,3.526909955363404
10.549536666323215,10.100381176980855
-13.562197627826999,57.49412115277463
4.9174041665190815,105.07333252779416
9.115179306944176,86.69378836714719
34.19605295870213,2.6616964778410517
-13.356283605124071,3.1998840454187456
-8.082338613150847,244.7375778301454
-60.16862432459413,218.9568661449274
55.52505743017719,80.40905210322214
36.01993654865249,30.507945224754238
15.865638188378517,4.739722822424117
-26.930803570181634,42.805175290009934
4.138213644481941,1.7872482507086567
-9.86709992217663,6.634632163834413
-0.13364851872125416,11.23317182692792
11.247900087131688,3.42052533210042
-44.64066597424482,0.05253566849131333
-4.284305306167933,8.692312094976662
-18.333063624392135,0.04790899507118883
27.480275515346538,8.126929554572083
-7.3831262065463035,9.50837208820825
17.443096073247492,2.7668009792386634
30.686182207909273,94.61686910025561
18.848732753728317,1.9089382847566334
-26.53738588484161,0.0627829787254839
-6.396937444578223,22.897509950828887
-13.933145664028865,67.26939393575805
-21.214471600419184,73.46641751176273
18.10069056891962,78.84493500431256
-14.757901173044774,0.8307860638805393
26.297041797984324,3.370500272808662
23.483442569264962,97.94466178045182
-39.609072695667116,106.95907273855295
-8.754679642395269,126.55141976850156
-26.8601331378383,5.6666459199784125
25.766425479596936,39.583322064010254
-4.983614067024656,3.468007082282606
0.007258956352989232,90.87126675965078
-5.539579399178133,35.03966903085786
-9.645039179645282,37.55801897736984
23.847585805561412,34.20284172245809
8.312545660842579,8.381862437602969
33.91756460219779,9.885473363750664
-34.87453222142573,6.933395575814787
11.839376804429866,0.33052426886360214
-25.038059332159772,1.7247736194364813
24.70034851509352,4.201610714283446
27.40406594121976,0.38532122185943074
39.823678010850706,7.859143276832916
-37.221136565309614,3.338489954112966
29.82182494383176,1.318325131641705
28.061325948639595,15.372830166136236
45.51741513908258,1.759418036120632
-0.02222354294542117,14.654732560319273
31.38129578655992,85.34100332514807
-52.955299476809266,15.90148940555435
-6.5827559559824875,3.593111944193518
67.51982043464761,9.625614325655937
4.055357556130521,1.0093693263393835
8.179736301305388,39.78384059497357
-21.01381645999731,25.362489779727085
-33.817784445060276,36.90886611338084
5.928273918264499,24.6389703784011
22.90725352020053,16.50318170047963
40.73551678648426,2.6162802794767823
-26.343188149131148,15.097646276323717
-7.523178134514633,48.47600623963582
15.72584186631696,0.3095442671222809
41.59040059840198,21.83436759683175
-20.723955971135066,95.75436392526997
23.746201285699218,39.318281413746625
7.3969565882592905,52.653924519733366
-33.09498623926117,173.57452756660354
-1.5729838511100478,28.926689915341797
7.855946899710664,0.7335765936482646
6.05677853782186,1.8824661910384952
49.28334389876375,2.0883925574142497
-1.593205873315237,0.13398532300128196
9.363256596884446,18.046562012775354
45.57512755721911,0.07180857984842727
16.5034240423405,1.2989812259093645
13.609668521994996,0.5148521698023286
13.121841018600895,21.79576863752435
-13.678911588296666,18.713128586740417
7.277258925987488,3.242936774978796
-7.839675309522259,12.383847833607206
-35.65557256330654,39.32070507074729
0.4311714104515023,0.8866576714298111
-1.9800777056597336,55.26684669220222
18.6475912534944,10.880843446450514
54.03018396650612,21.15877594257175
-7.090422613686651,3.2959707080207608
-15.401143036872435,0.004207625476212048
6.868145921250407,23.249475396909435
1.774952736746177,6.413343512561958
-5.271140404636408,5.936941065082011
58.86362747945726,5.8642418322509595
37.51175657404679,0.7505606797150808
30.06406124304488,1.131064858556987
22.721203037417016,18.447150177285852
-27.634460372757818,61.62690258704851
-6.435734143464226,0.23374426692683278
-5.75834204468651,42.953157978837744
-44.61272153914012,82.66365874069213
54.4989676113861,0.22916893297322616
-6.83130310429038,37.215810294191904
11.596168427047536,51.006383057496066
-21.095111203704274,32.05725642927427
5.389202964985093,0.4997727624420252
-26.625459508028936,0.6503470677623583
2.9940553737048434,2.8045413609198557
-5.791428933574589,13.858224497852937
-15.796272122903128,2.0271204315538935
6.5712315129292636,27.46445925439657
21.21445294175442,16.868786788467983
43.28460043431472,4.65031851432669
-28.813378167380275,42.72502184912854
-3.641568509292024,13.410416492358484
2.3270277598399405,24.752877701739575
-13.30208037061845,0.11698400717989774
23.898432530075386,8.333815723354636
-27.990773090958097,1.5077546713725956
14.722248002428051,6.901793783716652
20.537448066520884,17.937134848125048
4.794894858656282,1.7946885763787166
5.537207348275392,1.1691303820932561
-2.91006734530185,0.11715150920703131
0.635521701086309,1.656036557739674
12.693039793583358,57.47558736638274
-7.006064736300739,106.56780252470593
-8.667490840057136,0.5311741214043841
15.449203316959716,11.560989047740634
73.83493531973829,11.263776359382845
-5.255443491206843,29.478714172600835
-17.357872484402858,57.601393341500646
-5.57841380627391,2.7996489612935207
20.836128214777208,5.682964976824172
28.03526666252083,9.895073572413448
-27.296690786821312,7.6904767324081424
-3.150229632619168,30.564878087656243
-50.531272685861374,38.998894290750385
0.13486940182446472,52.71850761977526
25.666786931361518,25.704335756365346
24.247100805753124,39.52129680300408
13.81253667050378,0.39719690978799244
-15.632114860367858,40.01922904172419
2.1940984342193746,7.519012877224872
-42.007958245828256,2.3434041400586962
-19.311038992076643,56.152543045397294
-13.105512673964876,3.7385663545266863
-7.073033489384325,37.39736416570144
6.253936946054641,35.373718144992694
7.321725154047447,96.06406621873543
-20.746200667697366,7.326148785402522
-7.468140130088268,12.771414486117196
24.92106584288948,7.91666927543801
21.009081889017867,284.7476965702331
7.860124572517241,3.541695292469312
-10.30617126387376,1.0861779942801422
19.92392240795039,12.601538491298667
-3.655529949234956,19.263325126861215
-18.39304452330145,19.186975200110094
-25.035793404943544,37.38834905379675
27.264837370601075,6.336838242639843
45.049755313456636,34.27681380247365
-41.802599421817256,101.65045205200046
40.62919559239925,4.440345815699771
39.63606028841412,0.446686157845142
-3.619351637192092,75.26778982971189
-0.13230193301017823,2.526808660461765
69.18236866400196,33.25410830753597
-8.91986187493796,1.1326364592741507
20.535531788959478,1.937858464297479
5.41860726709172,1.7722548922570271
17.596353496216015,0.3654430640087295
-3.16201455689082,33.15190576131675
-44.90810274827583,16.18806209133555
-0.9188091351547267,10.180014109450957
1.4718418612886854,0.030705281082331927
-6.918540193818326,14.109688092044797
7.439957588947725,70.99779383062696
12.972658257450325,3.220954659612968
-12.001852564782718,4.447888738418211
-62.661584822546835,2.687922609982733
-33.14613122938231,2.268415899392525
22.140146576102556,21.23745442759432
1.7651093020215332,15.434573290252127
-16.139168359744357,20.81665789115292
8.795504982010602,2.9205816772379145
-23.796309609073543,9.71633817567732
-8.049091664617146,0.5409939695091144
45.03886221889832,12.443375895261596
37.03648083602345,14.900254590152477
11.95282836701026,6.026583753403124
10.654631487866487,59.56091819687072
37.64903334270344,31.12978517549804
-46.45279917466802,0.6067135814001586
-24.316110688309546,20.002484509972344
-22.693207630759186,10.461016390890144
-27.92686116716862,4.95420397192807
-16.33660837426248,0.1236276780282513
-56.34785374058776,0.0008526629742352758
-19.526646396654936,0.2626074683715687
-22.86882575261546,4.909209391957532
5.434801211040967,10.795402324746235
40.602650715686316,4.3131845703959435
-13.340961237169461,2.119711532381395e-05
-4.697365019986758,11.695246336408417
-30.910053670747285,3.3325275632647395
-0.9963695561463293,24.322212763151658
20.33831397272886,53.79990748179082
31.631113464429294,23.269131393427575
-47.28657723863045,7.904375684672505
13.816251655564235,159.80785548554098
-35.15775669824648,3.3056740004464658
26.049184083609763,9.439672701906414
-29.05797193871899,1.1660730056892765
29.20344336416429,26.927757383882387
-21.79711205722509,0.0027231240955007956
6.670519728456701,21.881908327173644
36.575167074241,28.396763756664836
101.33570407904915,11.960186096980163
-26.04197587690481,11.123816297639994
29.61850216730466,37.29979012580447
-16.767393805181296,4.0777506653006705
-17.50799123033016,0.9464920756907048
-2.525210303725909,3.6150549231976012
-13.0219288665435,6.846793834566191
19.460654549754512,105.5720735928734
-30.90798344353254,30.076869115914764
-7.680512494819818,0.027773532279723883
70.61389366407354,71.83080197748465
22.927160270178607,42.7610377825194
-8.026205283676768,17.35770534781874
1.3051391103026095,0.23102400275978738
20.077179867793408,14.101533820264597
-21.697584643527815,25.721785573216142
10.24279785515474,24.564916430082853
2.4189801439775396,15.367009345787682
-10.67467674049612,3.323301425151029
-33.54535192223482,0.8892349908085837
15.119160140514628,38.68108649422332
25.085060057141963,20.458098898438838
10.348515670487819,2.74761489233996
27.50252489464037,28.691982455843668
-16.45217144654276,3.1976246529629377
0.11341349063773021,9.088257908751832
2.0268891562975897,20.602078311857515
-5.874419153106852,6.514473021527028
-4.965501684404212,2.594097318025988
-0.659449489981905,0.239203811716706
-42.42266332566066,4.150548719910108
11.928186237771987,0.006208642922679128
-31.482731088088652,20.732301236949606
-9.095401146833746,5.685522478265747
31.74323552256988,0.216312819051471
-9.873928117041368,10.303921547419213
-7.586779703345992,12.027827594180957
47.288649783342414,106.02553272133791
-11.351804106727608,0.5265469039921711
-25.01281094597675,11.245569097628048
-13.688353367912777,266.159998806708
27.914941653845407,29.587715675181375
-35.10383390495951,293.4182993717103
37.05108211864661,66.36367131451941
16.186880505094795,7.69141545494385
-33.16511427143063,22.836394895859986
-16.412556566932547,110.72871206375069
-51.56479472950161,2.562104062215079
42.935625369140986,21.289838037327996
-23.381208372795978,17.255496667562028
21.903742344312267,4.317970670202362
0.8831002705841133,9.53956728313841
46.81614936802019,3.798212432093494
-2.5047898971258595,7.180405067330592
27.430116592245767,45.18452115537814
5.346300250105384,58.39700030167664
-51.46637779787272,42.72051730777855
-40.15622380707733,5.4915355405931034
18.469452285787614,0.9471361712374519
-8.131877984559866,0.856192165922342
45.54588654051987,28.884796801875655
1.27675299144335,8.057409143333002
31.894238638796484,12.486328119876667
18.554304128514506,17.34678428596571
-15.880594942651209,3.2390201660131654
5.504368396871546,1.795269249146224
35.29959388217856,0.04594333693401842
-2.1791248608320712,57.27123077472391
-40.26356412628288,0.3901874596615023
-0.6545004568743831,49.11814026435254
-21.82450499194736,2.1575359458601224
-18.082047127837424,64.57285856982205
-14.757002594483533,42.71156173604879
2.743716134513112,70.21722200928151
-6.406499914779881,56.248457549281724
4.233045782230097,1.7499282311504343
20.770838368232322,48.82543736546741
-53.2268447152611,0.8846247071648553
26.92868413217815,17.35815808792499
-13.77204878240513,0.9413222588623068
-43.56572086487642,3.831001901617372
32.73745740793016,10.583912766390283
32.95279603519305,0.9759424251070273
-5.8636967931779465,101.42235319297238
15.299998684137568,1.1748966013855995
-6.224102573345699,0.12223192502975322
-11.711322281538395,0.7199454778367371
-14.824952268856459,46.158149447352635
35.33757079869759,77.45161024848923
-4.303999359661584,48.76377277854312
-29.51830811064735,77.68886795273639
7.258738874542591,24.307595501971026
-12.503740440944656,26.24610153639244
17.375086779495295,1.8901329456816194
-4.504590420073344,37.18266227778689
-10.184485540847328,82.10253692939813
19.154552691109647,3.663243865238502
13.202462389188844,65.49305675249963
4.322775563485384,23.78289809130488
-9.129774984097248,0.18869805577759519
25.652949593414295,32.98322308420257
50.005570219627096,0.5810136082434889
-10.242955206939309,15.635520666955163
-12.947763655092837,3.963651120305994
-56.92511634852746,19.902342645831688
15.511862373347673,42.674703217435486
42.24745904955444,0.7739800887364313
34.36355016414928,1.8876679080985441
3.5245798881132417,83.30077204981649
5.236727257253055,31.602489765197607
76.58700092358742,22.07901571138044
10.49027845911158,16.037568737142095
3.1091144766232235,86.66272589587638
-4.372256018502521,2.313699165088031
3.202704494895305,69.74666323961318
-15.394242479444069,1.636209276974042
39.015221803675,30.609567607666847
42.54289600683433,21.06023899127035
48.01671362310629,2.4503429868446047
81.5838074395241,0.3721462742837053
-49.40931995208381,55.15051287988946
2.936874693820873,0.37629109087196305
-0.015333857653497374,0.08362074700829429
-6.912126231825705,113.36424644953387
40.637320547999146,7.041708229067107
-28.604033864554363,6.775527775394899
-16.797660577004077,8.919964313874845
3.5427354055211753,31.03091436705653
23.639427895551822,14.783806407768173
-16.974610221176132,35.82051030745362
15.991278119636382,39.787745821987656
-35.03832017977583,0.5674225237620888
1.2446971681858987,19.68308970960817
0.2578648553833933,43.67008600816153
20.663811819316383,0.019479722431581983
20.04425404033987,16.941093919882135
-34.125603602875366,1.804730659349425
-23.69914516178596,2.682282646653498
-26.462680567713218,5.0832585336057345
-0.8601926631850982,0.8386577420000716
30.07325059862797,2.455543011233897
-0.13032627492031668,3.430959772493022
9.529439745366526,15.106582096911813
29.004791698443004,2.543529531741188
12.670991457079372,1.6723067497293986
-5.768980001493271,75.96053444147311
-15.240057829880579,57.323811136896424
20.244376361710355,44.59857775439081
0.7178992180422743,29.185211845083256
11.049559165738065,18.45116613137005
-3.577885766048719,38.889872623507685
-8.816444538641486,0.6550847582347915
-26.39267109784529,13.991319589781472
3.416050474129638,1.4845246778423742
1.5200311667808866,59.68895886424385
35.88980308174576,6.837609091535366
-22.15061860916006,90.94575801499019
13.181910529564396,1.135987844605757
-36.62129228556909,0.4517350975432192
-10.4111434304294,1.4920337560212047
-24.036692558172494,121.6023323473217
11.407602668960584,0.7298432420046834
-8.857256220330635,137.10810760066664
-25.96668286666846,3.350814751176147
-33.16564469640013,5.3729030818700965
3.7529169077031,7.3979147028282375
13.622500242157967,13.097370999683765
-34.57330211517807,23.192954177101537
-37.180219029177685,32.499295819786006
-15.16672264468553,30.566068588824763
15.43881883121208,0.49287906467957987
43.59561556066627,0.17065022406808633
7.534988316811796,45.97263036822832
2.217532457820714,41.68815810929211
-37.78424228607013,94.12775059223905
-19.004048707341777,33.26491008946654
32.33449521132764,5.76352937592712
4.85627918315743,0.7999651591947198
-2.293591976774162,0.8408311659956934
-21.963469628654817,37.663834821938615
29.983948777166464,2.0076226559614754
-29.281414685069077,11.490856042766403
32.52884207233934,0.3927548970169038
-7.785921928509079,0.8287642509394675
-17.48650925997094,9.661408226344307
-21.946721232366027,7.048313745027962
6.34661595289288,0.5799989751542274
-27.209493991874066,10.984810620570888
-27.61123897550021,10.48550956022839
16.232529000074567,19.975488319205766
-4.9808075800704,43.93536753347517
10.037033922306142,1.7850904586620988
-11.90690558853276,24.606660187838422
2.920190211879121,2.3652411380227685
-27.409787634148127,19.028299535794623
17.776943723616686,46.390148209920994
-14.711426700571332,90.79674681912302
-6.377309101053693,0.40206603131502255
27.062899793826094,185.51089304420276
79.90951598580602,74.4667888875322
-10.308749047189048,4.521852837448138
24.116467614078605,1.9833066309354481
-10.853662697443491,0.02933510422775666
-29.97856034989513,31.706126251419967
27.784533851636414,0.6512434676166784
-3.3556703120305977,3.959344132501097
-6.777293074433596,47.01564753702587
24.19464532237473,26.026107596274844
-21.08834771141937,59.293756200407884
-55.64449976138791,9.991274566228926
-6.233059301599037,104.0640704489119
-9.990857155628168,5.183819783709455
-28.555772119545505,0.004357772384121477
-24.30751782687491,101.15076298026409
28.71691381024208,16.07035905784274
-10.630161358263758,5.730634340073917
8.37379844569171,0.06315542583156432
-4.035510298217207,0.608053473056693
-29.969833923558323,25.217297567343746
2.5531541746093867,6.949880703566711
-21.429511809913375,0.41353595020362544
-4.525736166401866,0.18029289754595235
26.754019217196063,33.829858680944426
3.2459446521514836,0.7331811203396402
-10.092955801412751,48.69588295353179
4.482716826839696,18.513809153488612
14.082269480660278,12.85452583798999
-3.0882956061650146,16.437029897557217
20.298630083700804,18.99673412827976
-20.90798803741762,70.82594939146126
33.605273100394136,65.16006430481623
8.689168112615027,17.179102598711093
15.602068411860392,102.30456689330407
-23.005240898896712,3.0185299579921434
1.836748021318788,25.968239387702788
-26.78292051827245,5.807569468937124
0.6382375026047431,43.54944201117982
1.0469911851320195,0.21558213048642055
14.548882415699223,2.324773773161421
-19.591725117635175,37.23211523056454
11.824535659183502,62.360819628722254
22.236869792568545,22.02919963871444
-16.507329314695358,0.4177171371506798
-39.426205118604564,2.104416554188841
-53.1516659345292,23.127674844353184
-40.07013930124253,19.876244033985373
-17.40416999163259,63.29749353233596
-4.330606776096256,2.7567609641128192
24.09856379348378,31.07344205492524
-4.78739518202067,33.54158421076796
-67.40993693931239,26.97407359703528
37.03844081180194,13.205945440583323
-1.3138905313075593,8.891940535895973
30.182768059559297,0.20571182767901203
2.324077428231651,18.643763512045396
10.724520711644436,47.857021114248376
-22.18604060119082,0.026952062815040097
1.7580778339811804,2.4289885769859367
-28.918360844756435,20.695648744451795
-4.718793464027153,13.319738595343765
-19.570029052630613,36.006735518710634
-29.808800113317115,0.07846988728008873
-0.07743424379253372,69.07324304337756
-43.90732341188032,153.05209869057194
20.34045500545921,8.018837903162009
-64.26458425212343,1.1293850004475032
-29.324813274884374,52.50016719950755
7.936298735141319,70.58101156647662
0.7424186669255779,114.5727925390033
-16.54079089156181,20.974954786196676
-21.41316270705863,2.9008491397566685
34.89068788946191,3.6110080585774353
-0.96121024041508,0.3335483949076825
8.96654542625186,13.942766416092322
-3.5703557881278085,6.021939376777445
45.29668860350615,51.767763107802274
13.697105775580445,16.74323553470933
-29.67323083578412,0.006371734538995366
-13.654851978405526,0.45296438758311525
-13.561716135248497,27.3824710628977
-28.769715598136596,0.7715916323903974
18.04608480031067,29.373533632564165
-55.045666582234155,50.39409454793104
-1.6358687757393635,2.4085718425593807
-2.412221885042295,26.032639242547646
29.894349084369765,24.94171394746755
-13.224629025206122,0.0045466434323642585
-25.676801446277207,6.089130152733612
52.3465706443609,0.3015604727978231
-7.148070608814289,23.305869200710603
50.983278640900956,70.06497339741011
15.547764433526714,44.76707484152419
-5.706704086081795,0.1404270055954368
13.90339432302813,0.40987861024703465
1.0866222612442062,29.673656727330442
7.702094026518982,1.3478188249570706
32.52171475116223,6.596819635191881
6.485580316147666,0.060637972850005425
-25.72236497328981,52.68521796476513
37.4037314793127,1.4741577701669406
-18.562617202894895,8.227616094851914
-38.11205242654045,2.5352301135531294
16.77441914341154,30.910132038286264
-1.3336126907485333,5.128994176422053
-20.216258288928312,23.69627103980922
17.131757076342073,15.000777464604674
-16.264692234805008,36.7374359067523
-21.64324613487511,0.023107250319404322
30.840061024389687,10.123578006481623
15.386979681121565,137.3690681996372
-30.866291134231684,14.998474348318041
30.017327890989808,0.07997333817938619
4.594230025504776,1.3028029556822782
42.67604358385439,21.614349898218414
-66.16519973516336,0.17153825663444305
-17.56958230535798,35.40908924869098
9.081389788082282,26.07252249516631
-6.46560645822711,50.01291463631595
20.817887788155648,4.246012986588954
8.83500982367591,10.69357704512571
-7.219559456228576,65.70349843175853
-36.904864987466105,9.82692823976697
2.163788514163568,6.1687235678653405
-4.477413166064816,22.137874383409955
23.44946948075972,21.974408488240023
-25.11084456167202,68.55722203346826
-17.675777349707996,0.7918903647473119
15.785219121925826,0.5754405641230464
1.9479266273357372,5.171444584539066
28.374150843943713,25.148887712516366
-4.071728499839078,0.022641173575937628
10.010436730669317,2.1922862893696053
-29.71786255326145,3.5931912514593454
29.59860078721056,75.90468912471427
43.94899944021666,1.0429006700852368
-12.350803001074548,7.414168896695784
-0.18411346408992801,50.815989480895475
15.838288097550928,25.786896866310162
32.45424602412721,62.377167815319964
-23.448900444809905,8.514114715062693
-21.821814083727357,3.7844155311838317
22.701167415250612,29.93115096854376
-29.173395844519955,139.6972564058382
26.219383497310677,107.72486202289357
-0.3579876209075603,0.6329261607892532
-42.237520805940555,19.64580964059805
18.60153330184284,11.757198845481216
10.174692700419035,2.02983337559331
33.69853779138169,1.584147999210401
29.8564126936318,4.674861184203359
23.169226081274022,130.0827466704758
23.782877516970363,0.09370170554287556
12.670519497225888,7.5146504683730875
23.67452966378858,14.416314502730984
-19.057813510387174,2.7126374758664706
-35.70997624615426,19.913701675086504
30.569910809761613,86.33504927486022
-50.22382235026122,14.854512118204493
25.77023009946402,48.416380905805724
15.314006169775388,0.09488592939270037
-42.32170772419351,13.806967545519933
-14.724797077559055,23.578038267657686
13.904281417376188,10.31375534427896
28.0768383402616,70.6528005771707
-13.218397514687576,20.6796634741428
20.966491193583867,0.7430725203897508
-7.940145223769629,110.80177654516179
-10.53113482719379,15.4861628500508
-39.544171089532675,5.308678719470831
7.043965751975752,109.7222489902917
27.67571210400951,2.8920088475099344
-35.03040450551048,123.6452850691778
20.548592237126858,29.16595304568828
55.76678001293261,0.401476315614859
-60.50659537464377,54.51177594667126
60.1184779897709,0.45608947288653856
-8.360079759851681,0.6502259405951804
-29.628568366376154,53.825132003794195
-6.597380408891051,25.22307364351221
-26.686780295825653,1.2286285028747197
38.289025381888344,12.036842410328864
-26.629406737613802,208.36208770260092
7.148402167308864,4.042486367088204
9.57780682603755,5.680336001928068
-4.740002245607083,13.46555143243205
-0.9820427050493616,44.7896780167117
0.2588941246353944,3.7287502198021247
48.66701219256277,9.131999815094602
8.46738424495357,43.9112908332677
-12.336054419367025,7.82864535455027
52.38395004980715,61.1792243356213
-14.9895188935352,16.250534027475602
-14.908354590817988,66.04928616617828
-43.54952848278571,0.003611946570524432
10.263501556711352,49.64780049149825
-5.287748316831393,16.7659802887229
-7.553418266702688,3.699324251045012
16.56559119131146,29.651665559869475
-4.547583101167102,39.118988380580056
-5.115498795478696,64.20543151951276
25.60654110020869,12.231328173762453
25.326250846484985,56.49425499474667
3.6640585402135786,0.28147495159894925
12.93825537642889,8.954690334801047
44.9324265359303,40.47631665279306
-51.516137023293474,135.68727817166956
18.835631784495465,72.52436085166806
-0.8895043804942542,12.840305841726005
-40.75693920615469,1.5316101245708016
-25.885355883418125,49.57956254814759
2.5987446744204634,27.378077160020386
-22.94655492958503,113.57911974602749
31.92445458183352,9.892255900194254
-6.9344199095291925,55.21477594053603
49.19064972401964,104.74176423594749
-16.033479136345814,3.185058208946777
-41.539677448633135,14.887608569283609
-5.152906095667109,159.09465539585293
-21.3510992453738,45.1586374014471
-16.112395361137654,2.2423987141102217
52.058276944785696,7.356923614263008
5.116948193526928,0.5485837420611597
-13.313196455334145,64.95221747067806
-1.0361313496283582,126.06658692806339
43.231890959883124,26.87855874297566
-17.668724080907847,3.067909107490342
-30.911226881338163,7.529312262494742
-12.820244649304295,0.01987644924475952
1.0410827471967015,3.337774680250231
12.767108041441821,21.731211982237088
-48.12077941051745,2.7588961315153453
-5.293095757303628,1.7447708263965764
-7.693393752599657,40.45023418142989
-18.875601908125688,40.38768131827956
-25.397441402774444,42.05635766600615
-7.807359919814355,36.21341872872675
4.2775955529343195,5.181471567960749
7.625682980878598,4.056210444408024
24.462702381961552,78.69595102389474
11.230234057259606,80.11497147679125
12.39277124458602,15.868897293643515
5.430081893937886,33.667861796081525
35.19205341238183,128.13205529623997
-19.92257174959735,2.09394115520208
-38.60844273404603,8.590244525783495
31.516082164355684,21.001709065942382
-18.10809137177375,70.24921377398482
0.7495283325669153,7.043005129326801
7.33051804940681,33.97159714924788
-26.819781292440833,2.870961620756437
33.75930246602196,0.6733898029172369
-20.85875639902758,35.09468789668738
32.397680788352325,27.764304948800334
3.5985604571862995,49.93789876908446
-8.714207727305984,0.22001728900746512
9.97362861774261,94.90550222936311
-6.287531550397143,8.009068165222303
-52.388323197759625,89.90863513586896
-25.282634052779823,6.060591042601708
-12.973989139481143,4.5354944176320995
-28.72873696663748,0.18311968900563833
-23.263571647847808,1.5913313334114407
-7.264423411850596,93.46960148247143
-22.133471042108905,26.715021681035505
26.0010877072929,8.27906054114165
17.54872395594305,4.323915390400847
5.617762518780869,23.609232767383737
48.99637198368715,18.22874603684764
-28.24877960824824,7.935829572076078
-25.888855406981175,60.50246802482928
-17.530813055560426,0.3703309852811461
-29.48929341712525,12.491566542606273
12.613371455836846,3.5389379195694985
-39.71715851369219,0.7305443522265288
-10.205292357504215,17.285088744734313
-26.66666166490401,8.610529103705082
1.5899024197628269,16.667044966528707
-16.18647577227807,1.1224324404356056
17.049951185506078,2.411791225677016
18.771705131957564,2.775624508802357
14.415408701667479,39.72166728808859
23.120837699603104,76.51051714899762
-26.226393510210325,0.3696802475081343
51.862877818483476,3.5893434516080167
-30.282718430473434,50.59179892797484
-27.510718647568975,12.46929077496224
-35.02844205625387,39.63497797167808
12.429175132864435,10.420406894442147
-16.049467006678217,1.1150295899887903
6.914626417720574,6.084725271116917
-1.7920345559323276,0.03401885575697917
6.919442681685671,0.724755436020947
0.568759336761109,47.12836717005105
-28.988228039644124,33.43401982172399
28.838235992716296,13.447508319617967
-20.662975798183876,3.7830070035268903
26.821262260274356,11.413457096340077
-6.891063473461965,126.58522367027523
-39.537243403032214,10.853558076619768
-13.389611649672,45.28197853416725
-27.39481479686844,32.320146693363306
22.15430970267329,1.8726461650531416
-9.545008187955654,0.16703617386369093
-4.584768430806345,0.17640556277087988
23.357736325438513,3.4296334794430927
5.411820055770936,2.9101567051070916
-3.911553001333341,23.883407697367872
24.169123278256652,0.0009280768249216489
-25.19050532588471,16.945494386677673
31.228027479038094,2.5110374076473105
-2.7403570813083595,1.3660657408859247
-0.030728654628314755,88.3291797115103
-8.584707670290408,12.233508893794939
19.36272746946418,0.41843758058637753
28.18634590795728,0.9424472078419355
-18.97735924993321,9.405485806960993
8.37319077762607,15.319573196818254
62.643183411749426,130.23540667904288
-12.128434985901203,29.941808553770187
28.856007982976937,5.41472499056003
7.765516775700651,13.181212160306751
11.530287359924221,110.09285935922018
-29.600165044001184,76.20313183274854
33.03109396012395,2.577527788342656
-13.599752782853665,7.4257407553048
-8.236497276527638,27.23300507879235
-12.32395653658329,37.75639966210014
-17.15999033716491,14.132857948978607
-6.682038769605238,9.176986368456852
0.8703020533564303,3.1930399165460375
-39.729853595401316,14.469199409338264
12.07241641995808,0.023850110370698528
-24.09302253433724,34.81087242570711
4.604706645472793,37.185693977841204
-31.380070327873337,0.6477062797968665
18.463314681106457,1.5276273123327881
13.73349442802101,46.3786594642026
-36.73699027103145,0.8057720893107206
35.2886391797388,27.88615094161979
-33.17372987551776,3.4838955544391554
37.98005656143287,31.90962193780683
-14.718281755629755,2.54273198776981
56.47236887668614,38.69825046979436
33.2968424738258,2.909562545073472
8.114223471880342,50.78819135973259
47.38638338949534,45.08598933890104
-5.8218859913077905,13.387783655955118
11.67227930191749,10.05577610086431
-6.12533359935875,68.69643610317533
-28.281743885975512,2.1268098081846034
30.55139454309236,0.07527517312894509
-14.013534571284248,37.59946981629597
-17.600433392180772,61.375170138513056
32.16057218886352,0.08502339655570826
11.784063186861351,4.669292411482263
-29.124524410349746,0.17049380687925209
8.234365585613793,5.8662024558417425
29.185406822693725,38.895336411207
-35.215795481256485,0.038399622557061794
46.71019867405551,14.013919758984525
23.118503670974977,8.764452516220896
-21.803374367292175,10.811653794726736
-19.307594166547855,4.697701138495055
-40.17055183241802,37.09461760302646
-5.533490415214028,85.01685391177752
15.137568403695019,68.51409625482957
9.820499023875135,26.45126977253997
-4.663308103426341,0.4505153082536313
-31.859239985005015,38.61033995056072
-3.0642941948072986,0.4703638607073723
-0.31431569591152697,11.449834951057715
-14.35944055763411,31.19337363193943
-12.113061950686538,0.3611787536834176
7.801487517889659,0.0006216623969930974
-4.690744852446467,13.071055331452516
33.23689150602173,12.521633317535775
40.12799636080957,3.4339815872777786
-21.0776011556253,31.37519629962042
-10.541626207749028,4.979506249908887
-2.988350809018182,16.658867069449187
13.021115046184724,4.000815590629484
-9.379584407698752,40.24026707637003
-9.682378939112192,39.70243990521954
-5.9870510144584115,31.330952899782915
-9.580691155105223,61.49169628817315
-25.82377879577359,49.82911531007137
-30.653174221152195,117.1843346209996
-18.36572139595182,8.305428142088061
-0.11925045981979099,19.899264501474477
-36.7306522584065,0.8398671698864486
-8.419197989411481,32.25422331353717
10.153667184900646,7.599649100635659
-28.530988898656343,84.50793896816427
25.511100656706983,0.3046729208517844
20.44811184888818,4.60536396872409
-1.7324348398278981,4.612301170647792
15.274013838388788,4.793111398850622
6.058202973580596,3.4829995162247656
53.56450097413802,0.029620713349072975
-16.410192983515227,5.403310557488813
-11.746513077400616,21.953256373996172
6.32221571775347,0.6473767396562906
11.617991251586394,38.65244443009787
-27.36434350096226,127.18811239805974
5.312490383887455,14.901510329809827
4.609813431769344,2.3492560301822776
21.277648151855946,56.48939590137854
-19.605817669156462,35.49442135362954
-9.445330703064423,50.75003664327434
26.751619451663377,28.177434532870056
13.159471521287179,71.28618525769588
18.09987911091986,39.888976216721225
-53.40088464681923,8.470018340573668
-26.106215761261407,5.162464820784255
13.833486330716942,73.01864065913
2.3190144519724116,15.65678491193345
-17.38897309764496,2.234665068415209
14.529742278962436,51.13566739439944
20.323825149972212,4.511571617281283
-20.55243856940626,5.079792940218177
-6.091433557715955,6.902872197819712
-62.18930948047886,189.6695462689737
24.95514352229873,5.025902997245029
1.3539172963904822,27.496989592765427
-8.677405931849075,6.98312002391765
-11.597837921031948,35.91466707127154
-23.522635404034187,16.6395133469554
14.3579120284108,3.8025692016224184
0.19770385648837885,54.718521972487444
41.22310796764908,19.809288074024316
-22.962692045713762,23.48686000381273
24.505923041388886,62.16174599534979
-6.4304712458628,23.035087047187467
-11.096869474950319,2.808322927402621
9.23869290159974,0.38994747124377993
-27.351312746418667,7.422617505172492
41.099298073224595,10.737774535256657
-45.70948335498553,178.86662197470463
23.559580765143895,0.15132766153430943
16.04941626649452,1.6385479140512964
17.241782069410593,58.10199024666539
-7.667937212215516,52.71341554733373
-15.731644693057584,31.811068224961453
-3.9139089701299055,14.976430612843956
29.147283464659612,127.29131599961347
-10.50545666005018,9.37891600100148
38.73032411434668,0.8509081967504906
9.086806957320652,61.89748892222381
-0.4942040871891844,49.228394737908594
-19.375930113771684,21.75359529413463
1.6729761933364575,1.0242278342464601
6.49124249613141,1.7269261367583666
-31.97451707669904,6.47086074573876
34.19713169957982,13.505038856699427
-29.915509498424964,6.62046934757906
-26.657514271860602,25.690011269766885
20.21159528994112,49.775959911722865
-3.5830590964493423,5.443764143475624
11.432742195201234,81.17149819743446
-12.911970815314698,9.612436852798103
13.208506110147033,68.24990200961211
-36.10437385513375,6.514558121485681
5.92358568863671,45.07207917106277
25.279710472964954,11.309041676587889
42.642525292254625,39.45662226737472
-68.3813289474582,58.27878609517953
16.812011073990508,0.0826129680832288
-17.447549365357755,22.603672731780875
-11.661996555616549,3.3861012467404676
-12.774572091453019,48.21137962407925
33.342255453978176,25.377782269677667
-24.536386255598185,120.58799121356579
-8.977286522965096,9.4752526774299
9.308260522458545,0.8839932172651774
14.00309196829574,164.6642120134263
10.038067374872304,3.6721889921794757
6.5277477282662675,97.78607682049751
-22.594295617553055,10.606930782868867
-21.901135632363914,1.4350109241636804
-24.75007591592019,45.45328434758666
31.18733866232765,67.68297703233716
-5.39692953747669,34.73143854333756
7.850950336015917,78.81780210113956
-0.45495891437217995,0.08250448479548607
-8.231685788978675,11.341024116074959
-0.17150468487715886,1.9732825836368575
11.122391449228337,20.755792243270825
-9.547651461472293,28.15981000952166
-28.604693625508613,30.768568806822625
13.873121508768696,26.864145363867916
-25.444158976443642,35.71478692397273
-42.8811009675648,0.5330515771962234
-35.36141761678038,44.55860814744967
-19.172919592420794,0.14080015895255596
-48.45561059911841,33.12367233359714
2.0971458894369173,9.191473191513888
-17.775108273411316,13.593342077086165
-4.322361039922494,13.792220920604784
-28.58459060092491,21.14786085987947
23.46820759043806,18.762826189805992
13.000338057916911,60.637723405623575
49.354491279278484,0.2944750333490202
-10.100030236703978,1.7906036160242897
7.5718755422857145,40.75736617921149
-29.843223737536615,4.193914557838169
-35.14483843491859,39.16954517698747
17.209444597421,15.699333361075062
-1.796165960557398,6.948553084945258
47.62764147144902,2.199775994418301
-53.010706770350104,113.87057336324601
29.32935557169657,6.5434482162761185
36.32222797276959,66.54260521157492
7.168261158215874,25.566437774389836
-20.926745873820604,0.10876791538608903
-7.7422243338731915,17.137591941601748
-0.8435356936272409,20.421223842769518
-50.25802479023684,3.7487046910369464
24.251066559939208,7.169541113410183
42.10789869691872,15.49389188778005
20.62781909211157,35.0818494454454
18.825486306891722,14.45601450836147
0.9560457795789763,10.009388283025396
2.7866292462743774,74.04128103806782
-52.13828318771959,58.541619972773546
39.2071477431656,17.55859826718341
-15.932667926699922,9.801795238508989
20.797502382608688,5.6945402135791845
19.85899450933221,2.2647384644734285
11.69991771021464,15.800815518745035
10.673127160770468,7.267152505272311
4.348828042622633,18.586362673513644
34.739764074115904,38.3439788791241
-19.870976818824087,87.6624218285479
55.37553765302926,2.181958383699668
22.964173502230242,41.48965673329935
10.355809221795544,65.65487723025942
-0.5071105092083552,3.6985850214619433
14.311807002874962,8.230946304501503
12.329711924551367,12.380462640794635
-12.768966230463542,28.99843291598113
-26.249091774021803,7.8701422033788315
-29.491173749012315,59.33462185529978
44.21414797477804,0.013460374148330796
-13.330660419442404,2.4993269510348095
-27.48804957481354,9.187110740464437
12.456301298691022,72.13475631633906
-15.888638671233702,2.5286763644613433
-22.705256610852185,9.607943750249246
13.463193527450022,15.265891580966695
-23.528254591414562,8.763084856652668
55.23402209887309,0.4828817825862554
32.61935693940945,4.043268828848553
-53.395194679561534,4.461005989988049
83.98459608159658,20.350243120179925
22.054019350416983,24.953090086372598
4.323960000487607,2.8525615506949578
-0.5458198946736228,23.91607841694667
27.637148582729683,38.24278434864727
-36.33947950224057,5.148766137590856
21.297100006294276,14.04432520322993
-12.98210119721528,47.75876746814572
8.25568736130345,5.408524719382729
66.2833254188148,87.16272730779393
7.723669884716519,245.03070142505425
4.274388315903441,40.44946218659958
-21.068267080625727,259.13104760729857
-49.42269205270701,194.94504930687796
-23.89155765436865,58.778153701278264
-17.386751123430596,2.7710828576602795
-2.270969347123464,21.235746889242876
-41.30193256001473,14.048790173589476
-29.796470764997476,0.05892753239718554
1.5931078580998748,112.73197862187838
-18.51416100613039,41.10348228512591
-48.454506767069226,91.71972522373362
68.26046785127471,74.8279838157385
-31.75137906026509,18.795730800384813
-20.71686679830668,10.746570184935957
84.69889995942106,2.0313849890318845
-11.820765640989288,28.814655838439435
16.00479879387706,11.889621330607746
24.26110844215862,1.7167978226992693
26.891222139162554,1.7698196990141313
-9.407759702633266,0.5606858191609905
6.39414649160381,6.10020331996286
-30.611438575836583,146.47899764991755
4.7993385169736245,0.2439290738628674
-39.1971871650428,58.205731031582886
24.97353027089139,53.51899709172219
-2.53561361592926,2.719849309827221
-1.877954413148809,31.28542681759022
26.607787821373723,10.507192466920367
-5.040070218180797,1.324459723340721
-19.755157898761947,84.09451709450354
6.066079857920845,46.54789403287173
0.9094357505641188,13.423953337118794
31.952170894444752,75.57157442743035
-20.928058877231134,0.1540953525829093
-7.045720859555781,12.178111081152014
21.916557032265334,24.746628474400477
4.057373632042148,4.128826492372828
-11.75443155121595,2.652638677062847
7.149966005887767,65.48025753971811
-32.839790008931224,36.78877203693723
18.120752914648396,99.18455632243986
-16.214858047987203,2.125717220086744
-22.52386365344999,18.79522694378437
-24.575789480350178,56.4388954340153
1.2074729358807919,12.481145250499738
-35.92396120084447,89.50962915472297
-0.7699701383984301,2.201730538792333
19.24492032123459,5.5298744274764156
24.305931031166555,12.765570529937476
-12.558977922141702,3.447752046578175
-6.600392343452138,43.18015829322996
49.28360837738024,12.046843226074097
-8.25232524224827,0.8191624038698795
-2.3647293827000295,61.029898716926525
1.9511975351264301,84.57870571963245
16.66978906576077,2.120077631310032
32.86001646139369,11.73241597087385
11.787903646101546,23.589884829716425
9.739139590548922,22.229476586138066
-6.516491292944404,40.36020637164167
3.472882600714976,8.201839968268649
-39.53270159526857,7.551724341124939
6.404916443889538,5.0230636658991035
-3.223490621428847,0.2089507760571613
-16.448331735480618,56.809270982653146
0.30529892275649684,24.99043736991784
47.34237837251215,11.836765884705695
-12.916580505543829,15.416521759722132
19.546799112714954,89.45355420123231
14.884983202239225,0.8336279489699493
13.578649190607285,16.763774556708267
2.464064479755625,54.24912857015015
30.682505236940496,33.91320121902479
1.7210642832880272,1.7473561341554547
-39.09515499255803,0.048092773384528255
22.16701183712269,176.91768476002855
7.633578438416866,0.9886047528115397
30.50493767611596,1.2292529897029127
-37.87497758429287,0.009518589854532234
0.7269978810911699,8.03947818068731
-15.579904859061566,85.84870156151007
0.73988093777857,8.366262047721108
7.730680892502282,18.43911078428003
41.72809285052683,34.54781369194716
-9.343121477904228,0.03508579313990636
14.495890973227409,4.557540443662584
7.540104929272521,31.543410349289076
4.445046794848172,99.6955031827133
8.161384759599747,0.305365450174328
5.271432952555036,4.48505250597708
-37.693759255861885,3.18942739718452
-4.948207876247348,19.508744720336882
-2.1047874368174417,2.8735796608454045
32.08438630355253,77.66402945017823
-1.8140637639453654,44.855190318115206
14.485361112565846,0.6096971671041137
20.16609722340991,4.808590392698624
9.357382862696772,0.1885017110107209
5.730401650078879,0.24893460871475254
-9.19522617106835,40.68204208665297
-42.614138786423716,24.4447858112423
-18.391038626779615,17.74747546301312
-30.092136522779466,22.184414529235607
-11.922727843547827,2.8133917679617815
-22.08673858864824,10.884106159872841
37.26622377215015,4.039205510333307
3.1896028896760855,3.3718209262814325
-31.127139277653296,96.07674767442131
0.7071275051282602,2.473944771270907
16.70755189895954,31.481027556033865
-7.848580406609126,16.803326024707452
27.68480034328036,15.06861657163491
9.094169521723876,0.3100768551335848
-14.458731149146212,5.341134331887272
-15.215295143822908,1.085421506854578
-15.220304130043923,69.6503677795591
-38.36660117790222,3.6284202283888414
-2.211550059496953,17.406580001421844
40.98229502997493,11.954232594686456
0.5573234236105737,67.60882237411185
-17.3556935748387,0.014905103938492148
-24.54512607401926,0.17894941864547592
12.510962292390621,106.07864512876938
-26.63465585508413,5.483272977737854
-49.46599024267936,4.449015810252373
12.464187201196529,175.31277302279176
-10.327561528163296,0.022212811106266904
-7.922991106930847,1.1118495289904218
-10.529105971144753,0.14965037188700628
4.570735431521716,0.2244499835840403
-21.060791199615547,137.908364527687
20.423221847175828,62.28408623253069
-0.31692795482990266,68.61180761268737
1.7665619260525791,0.1677859990380712
24.723348999107092,7.452310882690166
41.54251278459618,9.240864674400518
54.15252753347966,35.45488471212561
22.914331674548638,8.603011306059157
-22.995567962952347,0.014019631750518867
5.337808235673497,9.625421854838837
-22.68829407850944,10.617445826505111
-16.63179556497084,2.213376189324117
-25.675581453144442,64.88935400927153
11.35489188319193,15.323873307182316
40.89558316371393,52.01340517698009
-1.610092874002812,23.707114884604024
11.084533842724687,5.793366485617521
-16.674957654827093,2.15368091617277
-54.876419133652625,0.13520896862560955
0.27995867557399845,7.081264428765864
23.62040335866425,0.8004349278570365
-3.560928543910445,4.512840970277443
-6.021601646449308,49.348317526524674
22.935204561170455,43.707694322388
-18.596108000819864,54.75011100733331
10.298372205627862,31.06526895347976
-12.749316637230317,0.012168795881632425
-9.313143380297783,29.757899051928135
31.618272236359534,0.1741618545328432
5.758462576838785,40.60211088917012
21.15491216088944,45.356653230982126
-12.027405362878477,27.936129475722854
-3.5240982234776608,16.13382749335665
-81.04568370487584,84.7870097382332
-9.458442133173145,30.85128843631604
-0.6116876901087334,31.194600525239178
-19.47508124783707,14.548860933270321
-8.834385742738386,0.6669990218178942
20.612820021349425,26.079690801461933
-14.470648828138133,0.0015318062784585495
-12.108595022236694,21.65641263772462
-6.706436712374365,51.3670723685507
-18.46205326493836,70.75560762423734
19.245152443761985,10.736394339119217
-8.545920060541045,1.6352424927596492
-6.781172180454742,49.55123078530412
6.527356281521979,9.024972066961496
-40.93958410523293,0.008850459638679782
44.23795001068914,8.051221049873377
35.79154995070852,3.51874457764545
-32.64138692295648,52.610028816987956
23.848444612574557,7.430898688807458
-2.6249127654887117,24.20674405793265
-1.2415351668460015,4.186459169921926
-26.091601352160975,3.081900466476579
29.23265872329262,5.934609062818483
2.9084700605845386,8.05442701051648
-3.239084183021528,8.884555764987542
-9.725022307038325,65.37097964073457
3.159070774306035,118.83143282199698
19.81671593611259,38.99056107353463
10.72769276954603,3.6029765680057975
8.719686800366182,101.03838464346946
24.733280294214982,0.41419405361746225
-10.869537425144495,51.957429612477995
-3.3088727220536454,0.7948085012071954
-8.554747867014493,1.0401708105389358
-10.986673923213397,90.27130649983435
4.786207980580234,12.3168466186301
-22.259709704011126,5.3582266201145945
2.316443628079246,5.72692426676016
14.08517869125206,57.92396394786988
-41.350082530319575,46.2647567310297
-1.7391112747695228,26.9936167458369
-41.037189251068064,28.87196791464735
23.300221779494112,1.4081259787352864
5.907896715372378,0.49324926549676185
17.75530573371265,24.70395303864141
43.561953860041264,4.4212688635239425
-5.375835857547254,6.252125339928066e-05
9.461517854334266,10.130851102335093
4.728800512513492,2.003135972830307
15.638851077070177,2.328316513808029
-10.872460208197475,5.611249574124772
11.15300952310776,110.89872876623603
51.60507998544757,3.2905594812909724
-6.674218087889268,0.15606151635715126
-8.681924312210407,13.522493336242665
21.703150375457025,26.10556667836212
-24.148969190161548,1.6640031220839338
37.73593013936489,1.791031096142635
37.44074035108759,56.95067331678225
20.72960772107979,0.3233753327909687
-39.60971968381417,4.222747985310257
39.62317581153025,8.458658807265799
-19.69484290374397,0.17408650641965187
37.9976393747993,17.591762643567357
7.096440975766659,13.680398235655076
26.295072863753038,24.08098981324149
1.2651708979828744,30.463270452412186
0.525814344087171,0.08528504182541444
11.745177869322736,40.226221191392156
-33.59392896236033,7.688210313328899
-17.00260866034864,10.407964119695714
-15.270517163415144,0.720627563003716
6.553637717214181,151.34571650986703
24.09286907283411,1.5774585955797298
-1.7308597823566128,3.9192637358619273
-49.809432576911654,1.6806694115584182
-10.113417247557146,1.076442453303025
-9.57901217987475,31.243197117013096
22.412415114834698,8.452059831703364
2.884352629865309,27.668022097746064
25.098609006812584,19.672474903755518
11.213531358588972,0.6285012230497695
8.10323001054491,66.39440132546189
-44.20625301226493,46.702734714815634
4.542748453471636,12.667458594914107
-53.13716858684699,15.439636077496575
-37.019726233264116,50.302023891286574
24.906725981417257,18.313294608432138
26.8770327234098,2.9690892984925403
-2.422054077893729,21.106491728444407
-20.272784006062178,19.965743868071343
8.016407067531523,4.209525627239266e-05
50.274880380739326,409.48319922354153
-15.148247134007926,3.5791316483725426
6.910237762401555,0.7386914140886905
21.626542439201426,2.3362630657549492
27.349076261827808,2.2106337689134317
-32.24264017516838,4.989798762786134
28.31437464448152,32.00253060901442
-36.010570411012615,6.703139513746455
-19.9656373235519,22.690715415326505
30.898966487635906,0.3538369892969287
-38.69567197925675,5.64981674810132
-12.720264354455418,23.25326224648366
-8.163043907535526,66.34617576514627
-17.87716643708165,10.015174544313826
-53.00639190424885,0.19453453475981108
6.373998754809933,68.15185789855914
1.8010472361183976,14.317147694882593
-5.537257371036705,12.877109689109087
-37.85921733959798,13.640890098874973
28.266360682962702,6.697895159465142
-9.328985985192384,81.84460444093381
6.49003542486452,15.92309664293293
-28.10257800581304,3.74175598674035
9.244582853640315,3.516818353552912
16.60983154664257,8.870501382792398
-6.179789461373939,0.4138465708970351
-18.043136486275326,25.406981441607382
3.8418837739818494,0.39859259028032407
26.71717636965207,16.800768104705643
-19.02040040514566,15.313082687572086
14.911745384867578,1.6537268887382301
6.924021379990227,0.06120876183087573
0.13847986834579484,24.938433849688362
-12.810944002864398,12.199594258944657
53.05179275944591,7.0408261711884785
-25.289013426307914,19.241011199948176
-49.55062934353486,0.2521432637228868
19.80250401297582,43.856948844606954
4.496060564877017,2.7466953192771104
4.773148395537764,58.6674859243857
-45.56983991858612,1.8465504487628213
-8.822963375355878,4.867405642407859
-9.267283998648844,7.625907378029883
-18.18408711628285,234.56161542826288
5.165898733419717,1.0817747171918537
-67.22049316078767,11.473074297858785
-31.426132954373767,7.7908566658706
-7.391226506753806,11.929930550073854
-14.271727612160086,9.321357737282566
19.72334162539801,221.0156611118632
8.044918061928291,10.98093714571989
-14.72905702014861,29.82900275135809
-27.73217860720229,45.35934356585884
36.72043046100021,7.02983023003294
4.411620374104435,15.730930535562342
-49.93227797988117,0.5963397164246451
17.672925889611296,58.12101379161442
-32.26643745637477,2.044521540726125
11.787559554053024,2.8047758080381286
1.2090254951342605,5.461512446080386
-15.428973580742133,24.744393281281013
-23.51984026098776,1.0028633390797477
30.884281431568983,1.8773121990217465
45.96804542556823,27.437920868376057
-35.71456209735117,0.12030803604799166
5.197234032566944,25.134320263573333
9.782403755211652,0.10976195667999507
-54.199203352813015,137.9029165593651
-43.27122457726568,16.660717638334305
35.99623052215987,1.0569814357943133
-6.186656029016144,57.063425721908764
36.18202579085469,8.16727794124612
-6.733768255734726,40.71132293157233
-18.720855955318992,67.72279203180193
26.80408773128355,19.312077608755335
15.635397511043328,22.325956155841162
-0.14807186186410592,11.702842777025609
-3.9701315016246737,14.285480765469039
31.27107500688192,2.637563892404295
60.08370279342706,14.188621113361291
-10.337546298874935,27.55744999292192
7.8489949092207825,51.46607940864558
12.92730798406149,25.570930508426258
61.026440378454375,34.46149421414312
14.425729989134544,3.502539571872359
35.82966774190425,28.681061072093097
21.29236580578743,42.86777238173357
40.83792913520575,45.077120175921756
-17.579215311018835,0.9331821953822058
29.503312319529872,24.621043126702446
-8.6110732313284,9.131052123431221
22.49616014123055,112.57604709408095
1.8779655483004423,102.18124888091559
-15.826119559538478,47.68709539986075
-1.3250928360741436,63.800925115505876
23.045392762561068,25.23137882073304
41.97782084485028,5.5530654229270695
7.348926172620428,4.568889482823541
-45.29630938967977,40.44745138803767
53.80904135816741,120.68286326799853
-3.315154114617026,1.763943353650746
1.2398043685126414,0.0008304782461240187
33.43037243348875,73.6015951824586
6.143086081246371,19.14467246910145
0.6376954679840356,2.569835581828477
-1.8821726119240292,0.6794156216173359
-25.13554720841216,0.028659885434988392
43.43211068201925,3.4020483075562136
53.74748117790649,59.28344424596766
9.855226727508017,0.2773392762729197
40.32445384465098,40.63087195848226
35.289401259458835,12.0160773144157
-46.889103730857975,15.185417184992009
8.580459832859729,6.488692174914097
23.213659516245176,27.74494432810612
32.83843243366483,3.8219515627777163
-7.5125576629430055,0.5402291510734284
1.8569081122817057,0.1154670758104837
-29.72628206705485,0.26520542229307775
24.86853094681135,35.2581331821009
16.320241825609404,3.3535678303759053
41.23794199242719,8.795061162936907
-3.6764694909734557,5.968481017429991
-10.35632137693437,65.85509049219472
20.351236475136265,29.782151217361744
-1.7062792780127392,17.91516031718586
2.526190030281872,3.5221071876424865
-15.156586004566742,0.21746259365990797
19.643353548154895,18.528716324329366
21.000995594332412,0.13034741759994964
-4.506703406930337,45.58419683730918
0.047505532143650386,12.291384009862462
12.341501206446315,18.934314810528292
-40.606742358597124,0.17294684247738726
11.093393185467567,150.27230017616975
-6.8343326776509015,1.120251175319149
-28.494980730117955,8.356080295707145
-8.628662096574539,0.0009702935969579183
4.31231656401133,21.25458272872127
19.82552436188643,0.11275174999389945
32.95545686114219,1.226226886912054
-22.89948446072206,96.90584885330988
-0.7211620973139314,75.15543210991316
-25.607378215742184,0.09555391333323339
-19.578379576100435,2.7726937635346456
-0.9957814097270397,28.43219277704513
35.41053867866038,26.32091740604811
-20.505709302752617,0.14588384164198942
-46.76857897599847,3.4924082393284337
-16.609857314584357,0.031843523807022496
-41.60581818227353,40.52485323921903
6.054458925235967,63.009638734324355
-9.076602790180681,3.8155734962951997
-18.191163345086462,129.87256575231228
-8.640163141486136,7.888773816430953
-0.34657355640296816,90.5819407657578
12.58128049172189,2.4983907482108343
-9.52216013147176,15.203903034526174
-29.99251112678723,58.191256113515514
38.48198858589138,49.531679081008996
-22.04896672895438,28.211780691342273
-3.201983722217956,0.00994865237352887
3.957959702821805,2.6468553357532656
13.470301067429466,0.43787463011400984
-10.54381396212032,103.95172914451511
0.5267349450595635,10.943741216023067
38.22949409325833,25.37922806313712
-6.401334565450152,0.329160307456009
-20.045802429068313,2.9664578160616997
-2.1116862839664874,60.74372533759802
47.27796415706906,11.471219789203078
